<ImportExportXml version="9.1.0.1658" SolutionPackageVersion="9.1" languagecode="1033" generatedBy="CrmLive" xmlns:xsi="http://www.w3.org/2001/XMLSchema-instance">
  <SolutionManifest>
    <UniqueName>Committee_Management_System</UniqueName>
    <LocalizedNames>
      <LocalizedName description="Committee_Management_System" languagecode="1033" />
    </LocalizedNames>
    <Descriptions />
    <Version>1.0.0</Version>
    <Managed>0</Managed>
    <Publisher>
      <UniqueName>asim</UniqueName>
      <LocalizedNames>
        <LocalizedName description="Asim" languagecode="1033" />
      </LocalizedNames>
      <Descriptions />
      <EMailAddress xsi:nil="true"></EMailAddress>
      <SupportingWebsiteUrl xsi:nil="true"></SupportingWebsiteUrl>
      <CustomizationPrefix>cms</CustomizationPrefix>
      <CustomizationOptionValuePrefix>86474</CustomizationOptionValuePrefix>
      <Addresses>
        <Address>
          <AddressNumber>1</AddressNumber>
          <AddressTypeCode>1</AddressTypeCode>
          <City xsi:nil="true"></City>
          <County xsi:nil="true"></County>
          <Country xsi:nil="true"></Country>
          <Fax xsi:nil="true"></Fax>
          <FreightTermsCode xsi:nil="true"></FreightTermsCode>
          <ImportSequenceNumber xsi:nil="true"></ImportSequenceNumber>
          <Latitude xsi:nil="true"></Latitude>
          <Line1 xsi:nil="true"></Line1>
          <Line2 xsi:nil="true"></Line2>
          <Line3 xsi:nil="true"></Line3>
          <Longitude xsi:nil="true"></Longitude>
          <Name xsi:nil="true"></Name>
          <PostalCode xsi:nil="true"></PostalCode>
          <PostOfficeBox xsi:nil="true"></PostOfficeBox>
          <PrimaryContactName xsi:nil="true"></PrimaryContactName>
          <ShippingMethodCode>1</ShippingMethodCode>
          <StateOrProvince xsi:nil="true"></StateOrProvince>
          <Telephone1 xsi:nil="true"></Telephone1>
          <Telephone2 xsi:nil="true"></Telephone2>
          <Telephone3 xsi:nil="true"></Telephone3>
          <TimeZoneRuleVersionNumber xsi:nil="true"></TimeZoneRuleVersionNumber>
          <UPSZone xsi:nil="true"></UPSZone>
          <UTCOffset xsi:nil="true"></UTCOffset>
          <UTCConversionTimeZoneCode xsi:nil="true"></UTCConversionTimeZoneCode>
        </Address>
        <Address>
          <AddressNumber>2</AddressNumber>
          <AddressTypeCode>1</AddressTypeCode>
          <City xsi:nil="true"></City>
          <County xsi:nil="true"></County>
          <Country xsi:nil="true"></Country>
          <Fax xsi:nil="true"></Fax>
          <FreightTermsCode xsi:nil="true"></FreightTermsCode>
          <ImportSequenceNumber xsi:nil="true"></ImportSequenceNumber>
          <Latitude xsi:nil="true"></Latitude>
          <Line1 xsi:nil="true"></Line1>
          <Line2 xsi:nil="true"></Line2>
          <Line3 xsi:nil="true"></Line3>
          <Longitude xsi:nil="true"></Longitude>
          <Name xsi:nil="true"></Name>
          <PostalCode xsi:nil="true"></PostalCode>
          <PostOfficeBox xsi:nil="true"></PostOfficeBox>
          <PrimaryContactName xsi:nil="true"></PrimaryContactName>
          <ShippingMethodCode>1</ShippingMethodCode>
          <StateOrProvince xsi:nil="true"></StateOrProvince>
          <Telephone1 xsi:nil="true"></Telephone1>
          <Telephone2 xsi:nil="true"></Telephone2>
          <Telephone3 xsi:nil="true"></Telephone3>
          <TimeZoneRuleVersionNumber xsi:nil="true"></TimeZoneRuleVersionNumber>
          <UPSZone xsi:nil="true"></UPSZone>
          <UTCOffset xsi:nil="true"></UTCOffset>
          <UTCConversionTimeZoneCode xsi:nil="true"></UTCConversionTimeZoneCode>
        </Address>
      </Addresses>
    </Publisher>
    <RootComponents>
      <RootComponent type="1" schemaName="cms_agenda" behavior="0" />
      <RootComponent type="1" schemaName="cms_committee" behavior="0" />
      <RootComponent type="1" schemaName="cms_committeemeeting" behavior="0" />
      <RootComponent type="1" schemaName="cms_committeemember" behavior="0" />
      <RootComponent type="1" schemaName="cms_committeetask" behavior="0" />
      <RootComponent type="1" schemaName="cms_item" behavior="0" />
      <RootComponent type="1" schemaName="cms_meetingmember" behavior="0" />
      <RootComponent type="1" schemaName="cms_section" behavior="0" />
      <RootComponent type="1" schemaName="contact" behavior="1" />
      <RootComponent type="1" schemaName="email" behavior="1" />
      <RootComponent type="1" schemaName="systemuser" behavior="1" />
      <RootComponent type="20" id="{6f9b9580-9915-e911-a959-000d3ab3a35d}" behavior="0" />
      <RootComponent type="60" id="{071b73f3-e08e-471f-a3b6-36c9d364738c}" behavior="0" />
      <RootComponent type="60" id="{45a2b6c9-cf5e-40ee-bd1c-84002297fd4e}" behavior="0" />
      <RootComponent type="60" id="{8b3c261f-7031-47ce-af01-a387c322d7ca}" behavior="0" />
      <RootComponent type="60" id="{c6e6375d-fbff-4cae-99d4-ff156b4fb0a0}" behavior="0" />
      <RootComponent type="60" id="{c78cc681-b788-4591-afbd-d52dcac5d7f7}" behavior="0" />
      <RootComponent type="60" id="{e30dc919-b2c5-4589-98c3-14af5a89f3c1}" behavior="0" />
      <RootComponent type="60" id="{f3840f96-453f-4e07-b4d4-ec3cf2c2c7dc}" behavior="0" />
      <RootComponent type="60" id="{fa26ffb4-cd50-454a-843f-7a2fbb29b5cb}" behavior="0" />
      <RootComponent type="61" schemaName="cms_CMSLogo" behavior="0" />
      <RootComponent type="61" schemaName="cms_CommitteeIcon" behavior="0" />
      <RootComponent type="61" schemaName="cms_CommitteeMember" behavior="0" />
      <RootComponent type="61" schemaName="cms_CommitteeTaskIcon" behavior="0" />
      <RootComponent type="61" schemaName="cms_Item" behavior="0" />
      <RootComponent type="61" schemaName="cms_MeetingIcon" behavior="0" />
      <RootComponent type="61" schemaName="cms_MeetingMembers" behavior="0" />
      <RootComponent type="61" schemaName="cms_Section" behavior="0" />
      <RootComponent type="62" schemaName="cms_CommitteeManagementSystem" behavior="0" />
      <RootComponent type="80" schemaName="cms_CommitteeManagementSystem" behavior="0" />
    </RootComponents>
    <MissingDependencies>
      <MissingDependency>
        <Required key="0" type="26" schemaName="All Contacts" displayName="All Contacts" parentSchemaName="contact" parentDisplayName="Contact" solution="msdynce_AppCommon (9.0.4.0066)" id="{0d5d377b-5e7c-47b5-bab1-a5cb8b4ac105}" />
        <Dependent key="1" type="60" displayName="Information" parentDisplayName="CommitteeMeeting" id="{e30dc919-b2c5-4589-98c3-14af5a89f3c1}" />
      </MissingDependency>
      <MissingDependency>
        <Required key="2" type="59" schemaName="Emails by Month Due" displayName="Emails by Month Due" parentSchemaName="email" parentDisplayName="Email" solution="msdynce_AppCommon (9.0.4.0066)" id="{1ec1872a-23de-4294-9d7f-1b76272a5fd5}" />
        <Dependent key="3" type="60" displayName="Information" parentDisplayName="CommitteeMember" id="{45a2b6c9-cf5e-40ee-bd1c-84002297fd4e}" />
      </MissingDependency>
      <MissingDependency>
        <Required key="4" type="61" schemaName="msdyn_/Images/AppModule_Default_Icon.png" displayName="msdyn_/Images/AppModule_Default_Icon.png" solution="AppModuleWebResources (2.5)" />
        <Dependent key="5" type="80" schemaName="cms_CommitteeManagementSystem" displayName="Committee Management System" />
      </MissingDependency>
    </MissingDependencies>
  </SolutionManifest>
</ImportExportXml>